event_id,user_id,company_id,industry_id,function_id,occupation_id,skills,seniority_level,previous_seniority_level,previous_occupation_id,start_time,end_time,duration_months,delta_seniority,transition_type
CE00001,U0001,C001,I003,F003,O012,S095|S199|S233|S155|S043|S107|S220|S033,2,,,2023-03-07T01:23:30,2023-11-07T01:23:30,8,0,first_job
CE00002,U0001,C040,I007,F003,O013,S095|S199|S233|S155|S043|S107|S220|S033,3,2.0,O012,2023-11-07T01:23:30,2024-05-07T01:23:30,6,1,promotion
CE00003,U0001,C302,I007,F003,O013,S095|S199|S233|S155|S043|S107|S220|S033,5,3.0,O013,2024-05-07T01:23:30,,25,2,promotion
CE00004,U0002,C137,I013,F001,O006,S084|S198|S180|S062|S099|S025,6,,,2023-04-11T17:18:05,2024-04-11T17:18:05,12,0,first_job
CE00005,U0002,C137,I013,F001,O005,S084|S198|S180|S062|S099|S025,7,6.0,O006,2024-04-11T17:18:05,,15,1,promotion
CE00006,U0003,C048,I005,F016,O086,S239|S047|S140|S051|S014|S111|S113|S080,2,,,2023-09-24T01:22:22,2024-04-24T01:22:22,7,0,first_job
CE00007,U0003,C048,I005,F016,O086,S239|S047|S140|S051|S014|S111|S113|S080,2,2.0,O086,2024-04-24T01:22:22,,60,0,lateral
CE00008,U0004,C055,I023,F011,O057,S028|S177|S149|S013|S110|S024|S026,7,,,2023-01-05T19:25:40,,16,0,first_job
CE00009,U0005,C105,I005,F015,O080,S113|S031|S189|S094|S223|S090|S190|S140,7,,,2023-01-18T00:38:27,,12,0,first_job
CE00010,U0006,C176,I007,F009,O048,S088|S083|S231|S131|S017|S077,1,,,2023-01-09T00:05:48,,53,0,first_job
CE00011,U0007,C165,I017,F018,O092,S224|S147|S231|S136|S010|S215|S002|S164,6,,,2023-08-15T15:20:34,2024-02-15T15:20:34,6,0,first_job
CE00012,U0007,C318,I017,F014,O072,S224|S147|S231|S136|S010|S215|S002|S164,7,6.0,O092,2024-02-15T15:20:34,,50,1,promotion
CE00013,U0008,C282,I017,F003,O014,S190|S019|S230|S228|S206,7,,,2023-01-19T01:19:27,2023-07-19T01:19:27,6,0,first_job
CE00014,U0008,C282,I017,F005,O024,S190|S019|S230|S228|S206,7,7.0,O014,2023-07-19T01:19:27,,18,0,lateral
CE00015,U0009,C037,I009,F003,O014,S017|S209|S174|S067|S166|S016|S072|S006,2,,,2023-05-25T21:01:15,2023-11-25T21:01:15,6,0,first_job
CE00016,U0009,C037,I009,F003,O014,S017|S209|S174|S067|S166|S016|S072|S006,2,2.0,O014,2023-11-25T21:01:15,,14,0,lateral
CE00017,U0010,C026,I012,F007,O034,S191|S099|S059|S020|S232,4,,,2023-01-23T23:31:58,2023-07-23T23:31:58,6,0,first_job
CE00018,U0010,C010,I001,F007,O036,S191|S099|S059|S020|S232,4,4.0,O034,2023-07-23T23:31:58,2024-03-23T23:31:58,8,0,lateral
CE00019,U0010,C157,I001,F015,O079,S191|S099|S059|S020|S232,7,4.0,O036,2024-03-23T23:31:58,,38,3,promotion
CE00020,U0011,C207,I008,F010,O054,S038|S067|S028|S224|S002|S213|S015|S199,3,,,2023-04-12T20:57:38,2024-04-12T20:57:38,12,0,first_job
