source_user_id,target_user_id,timestamp,edge_type
U1168,U1170,2023-01-01T00:26:30,collaborator
U0056,U0057,2023-01-01T04:18:53,collaborator
U0682,U1365,2023-01-01T10:27:07,colleague
U0757,U0758,2023-01-01T11:22:56,collaborator
U0137,U0138,2023-01-01T12:45:46,acquaintance
U0936,U0938,2023-01-01T13:26:41,collaborator
U1047,U1049,2023-01-01T13:51:04,acquaintance
U0903,U0905,2023-01-01T16:35:20,acquaintance
U0290,U0998,2023-01-02T01:55:00,collaborator
U0639,U0641,2023-01-02T07:32:46,colleague
U0157,U0159,2023-01-02T10:58:49,acquaintance
U0750,U0751,2023-01-02T11:01:56,collaborator
U0513,U0515,2023-01-02T19:45:40,collaborator
U0344,U0346,2023-01-03T09:12:43,collaborator
U0245,U0248,2023-01-03T09:46:11,colleague
U0164,U0874,2023-01-03T11:44:12,collaborator
U1302,U1303,2023-01-03T15:05:41,colleague
U1061,U1064,2023-01-03T19:14:32,collaborator
U1029,U1031,2023-01-03T21:27:15,collaborator
U1148,U1149,2023-01-03T21:59:05,acquaintance
