hyperedge_id,user_id,company_id,industry_id,function_id,occupation_id,skill_ids,timestamp,relation_type,supply_chain_specific,sc_role,sc_stage,sc_path
H01406,U0282,C289,I018,F012,O060,S061|S065|S097|S188|S232,2023-01-01T01:07:43,collaboration_context,0,,,
H03106,U0622,C267,I008,F012,O064,S039|S061|S068|S107|S204|S227|S231,2023-01-01T01:45:13,skill_context,0,,,
H00766,U0154,C052,I013,F018,O096,S067|S121|S164|S170|S194|S222,2023-01-01T02:15:18,skill_context,0,,,
H03816,U0764,C279,I021,F004,O018,S090|S106|S111|S119|S130|S231|S240,2023-01-01T02:16:47,work_context,0,,,
H05886,U1178,C062,I010,F015,O080,S003|S047|S051|S128|S159|S171,2023-01-01T02:17:21,collaboration_context,1,Retail,Upstream,Path_G
H04771,U0955,C279,I021,F014,O074,S017|S020|S069|S090|S107|S119|S148|S170,2023-01-01T03:02:25,skill_context,0,,,
H05156,U1032,C204,I016,F013,O066,S025|S063|S070|S105|S118|S156|S189,2023-01-01T04:04:14,skill_context,1,Manufacturing,Downstream,Path_A
H04736,U0948,C153,I023,F017,O088,S030|S040|S172|S187|S188|S198|S238,2023-01-01T07:10:13,skill_context,0,,,
H03386,U0678,C152,I019,F007,O035,S034|S045|S065|S087|S155|S157|S212,2023-01-01T07:54:33,work_context,0,,,
H02906,U0582,C060,I011,F016,O086,S012|S034|S069|S088|S123|S175,2023-01-01T08:41:04,collaboration_context,0,,,
H05846,U1170,C116,I013,F002,O008,S032|S140|S154|S160|S188,2023-01-01T09:28:22,skill_context,0,,,
H01146,U0230,C272,I024,F015,O079,S028|S032|S041|S081|S164,2023-01-01T09:42:12,collaboration_context,1,Retail,Downstream,Path_F
H01811,U0363,C066,I021,F014,O071,S078|S143|S188|S226|S235,2023-01-01T11:05:52,collaboration_context,0,,,
H03806,U0762,C072,I010,F015,O079,S007|S025|S030|S068|S099,2023-01-01T13:05:50,skill_context,0,,,
H02646,U0530,C150,I001,F013,O067,S020|S036|S045|S076|S109|S172|S183,2023-01-01T13:16:40,skill_context,0,,,
H02891,U0579,C211,I004,F003,O012,S034|S057|S065|S131|S132,2023-01-01T13:21:52,supply_context,0,,,
H00291,U0059,C230,I002,F018,O096,S014|S130|S177|S205|S210,2023-01-01T14:47:04,skill_context,0,,,
H05411,U1083,C282,I017,F014,O074,S032|S083|S106|S112|S131|S136|S146|S162,2023-01-01T17:37:23,work_context,0,,,
H03876,U0776,C113,I004,F012,O063,S047|S102|S114|S153|S211|S216|S235,2023-01-01T18:37:59,skill_context,0,,,
H00016,U0004,C055,I023,F011,O057,S013|S024|S026|S028|S110|S149|S177,2023-01-01T18:48:01,skill_context,0,,,
