interest_title_id,title_text,category,related_skills
IT00001,TopicToken_00001 ProcessToken_054 PatternToken_097,Category_H,S167|S226|S064|S199
IT00002,TopicToken_00002 ProcessToken_027 PatternToken_077,Category_I,S084|S238|S173
IT00003,TopicToken_00003 ProcessToken_060 PatternToken_004,Category_N,S099|S038
IT00004,TopicToken_00004 ProcessToken_052 PatternToken_050,Category_G,S237|S231|S038
IT00005,TopicToken_00005 ProcessToken_017 PatternToken_036,Category_Q,S082|S179|S140|S015
IT00006,TopicToken_00006 ProcessToken_047 PatternToken_002,Category_H,S228|S149
IT00007,TopicToken_00007 ProcessToken_194 PatternToken_007,Category_Q,S149|S095|S052|S199
IT00008,TopicToken_00008 ProcessToken_001 PatternToken_067,Category_R,S146|S136
IT00009,TopicToken_00009 ProcessToken_039 PatternToken_093,Category_F,S118|S084
IT00010,TopicToken_00010 ProcessToken_153 PatternToken_083,Category_D,S035|S125|S069|S194|S130
IT00011,TopicToken_00011 ProcessToken_111 PatternToken_087,Category_P,S162|S132|S098
IT00012,TopicToken_00012 ProcessToken_184 PatternToken_026,Category_P,S125|S124|S191|S084
IT00013,TopicToken_00013 ProcessToken_106 PatternToken_035,Category_A,S079|S024|S124
IT00014,TopicToken_00014 ProcessToken_189 PatternToken_064,Category_D,S134|S102|S183|S201|S195
IT00015,TopicToken_00015 ProcessToken_053 PatternToken_092,Category_F,S187|S066|S096
IT00016,TopicToken_00016 ProcessToken_119 PatternToken_085,Category_H,S234|S017|S047|S165
IT00017,TopicToken_00017 ProcessToken_131 PatternToken_017,Category_D,S001|S096|S211|S051|S129
IT00018,TopicToken_00018 ProcessToken_169 PatternToken_039,Category_I,S033|S052|S089|S016
IT00019,TopicToken_00019 ProcessToken_169 PatternToken_099,Category_K,S055|S171|S141|S133
IT00020,TopicToken_00020 ProcessToken_160 PatternToken_057,Category_S,S011|S093|S080|S148|S131
