occupation_id,occupation_name,function_id,seniority_scale_min,seniority_scale_max
O001,Occupation_001,F001,1,7
O002,Occupation_002,F001,1,7
O003,Occupation_003,F001,1,7
O004,Occupation_004,F001,1,7
O005,Occupation_005,F001,1,7
O006,Occupation_006,F001,1,7
O007,Occupation_007,F002,1,7
O008,Occupation_008,F002,1,7
O009,Occupation_009,F002,1,7
O010,Occupation_010,F002,1,7
O011,Occupation_011,F002,1,7
O012,Occupation_012,F003,1,7
O013,Occupation_013,F003,1,7
O014,Occupation_014,F003,1,7
O015,Occupation_015,F003,1,7
O016,Occupation_016,F003,1,7
O017,Occupation_017,F004,1,7
O018,Occupation_018,F004,1,7
O019,Occupation_019,F004,1,7
O020,Occupation_020,F004,1,7
