relation_id,user_id_1,user_id_2,timestamp,rating_target,split,rating_source
R00001,U1168,U1170,2023-01-01T00:26:30,3.78,train,synthetic_latent_affinity
R00002,U0056,U0057,2023-01-01T04:18:53,2.26,train,synthetic_latent_affinity
R00003,U0682,U1365,2023-01-01T10:27:07,4.07,train,synthetic_latent_affinity
R00004,U0757,U0758,2023-01-01T11:22:56,1.99,train,synthetic_latent_affinity
R00005,U0137,U0138,2023-01-01T12:45:46,2.48,train,synthetic_latent_affinity
R00006,U0936,U0938,2023-01-01T13:26:41,1.82,train,synthetic_latent_affinity
R00007,U1047,U1049,2023-01-01T13:51:04,3.56,train,synthetic_latent_affinity
R00008,U0903,U0905,2023-01-01T16:35:20,3.14,train,synthetic_latent_affinity
R00009,U0290,U0998,2023-01-02T01:55:00,3.12,train,synthetic_latent_affinity
R00010,U0639,U0641,2023-01-02T07:32:46,3.37,train,synthetic_latent_affinity
R00011,U0157,U0159,2023-01-02T10:58:49,3.23,train,synthetic_latent_affinity
R00012,U0750,U0751,2023-01-02T11:01:56,2.34,train,synthetic_latent_affinity
R00013,U0513,U0515,2023-01-02T19:45:40,3.45,train,synthetic_latent_affinity
R00014,U0344,U0346,2023-01-03T09:12:43,2.23,train,synthetic_latent_affinity
R00015,U0245,U0248,2023-01-03T09:46:11,4.14,train,synthetic_latent_affinity
R00016,U0164,U0874,2023-01-03T11:44:12,2.1,train,synthetic_latent_affinity
R00017,U1302,U1303,2023-01-03T15:05:41,2.58,train,synthetic_latent_affinity
R00018,U1061,U1064,2023-01-03T19:14:32,2.78,train,synthetic_latent_affinity
R00019,U1029,U1031,2023-01-03T21:27:15,3.51,train,synthetic_latent_affinity
R00020,U1148,U1149,2023-01-03T21:59:05,2.74,train,synthetic_latent_affinity
