relation_id,user_id_1,user_id_2,timestamp,degree_1_pre_event,degree_2_pre_event,mutual_connections_pre_event,same_company_baseline,same_industry_baseline,same_function_baseline,seniority_gap_baseline,supply_chain_compatibility,signed_counterfactual_sensitivity,counterfactual_intervention
R00001,U1168,U1170,2023-01-01T00:26:30,0,0,0,0,0,0,2,0.8,0.24,remove_supply_chain_context
R00002,U0056,U0057,2023-01-01T04:18:53,0,0,0,0,0,0,5,0.375,-0.1,remove_supply_chain_context
R00003,U0682,U1365,2023-01-01T10:27:07,0,0,0,0,0,0,1,0.9,0.32,remove_supply_chain_context
R00004,U0757,U0758,2023-01-01T11:22:56,0,0,0,0,0,0,1,0.325,-0.1399999999999999,remove_supply_chain_context
R00005,U0137,U0138,2023-01-01T12:45:46,0,0,0,0,0,0,2,0.8,0.24,remove_supply_chain_context
R00006,U0936,U0938,2023-01-01T13:26:41,0,0,0,0,0,0,1,0.8,0.24,remove_supply_chain_context
R00007,U1047,U1049,2023-01-01T13:51:04,0,0,0,0,0,0,4,0.375,-0.1,remove_supply_chain_context
R00008,U0903,U0905,2023-01-01T16:35:20,0,0,0,0,0,0,6,0.375,-0.1,remove_supply_chain_context
R00009,U0290,U0998,2023-01-02T01:55:00,0,0,0,0,0,0,4,0.9,0.32,remove_supply_chain_context
R00010,U0639,U0641,2023-01-02T07:32:46,0,0,0,0,0,0,3,0.375,-0.1,remove_supply_chain_context
R00011,U0157,U0159,2023-01-02T10:58:49,0,0,0,0,0,0,2,0.8,0.24,remove_supply_chain_context
R00012,U0750,U0751,2023-01-02T11:01:56,0,0,0,0,0,0,2,0.44,-0.048,remove_supply_chain_context
R00013,U0513,U0515,2023-01-02T19:45:40,0,0,0,0,1,0,1,0.9,0.32,remove_supply_chain_context
R00014,U0344,U0346,2023-01-03T09:12:43,0,0,0,0,0,0,1,0.375,-0.1,remove_supply_chain_context
R00015,U0245,U0248,2023-01-03T09:46:11,0,0,0,0,0,0,5,0.9,0.32,remove_supply_chain_context
R00016,U0164,U0874,2023-01-03T11:44:12,0,0,0,0,0,0,1,0.44,-0.048,remove_supply_chain_context
R00017,U1302,U1303,2023-01-03T15:05:41,0,0,0,0,0,1,3,0.325,-0.1399999999999999,remove_supply_chain_context
R00018,U1061,U1064,2023-01-03T19:14:32,0,0,0,0,0,0,2,0.375,-0.1,remove_supply_chain_context
R00019,U1029,U1031,2023-01-03T21:27:15,0,0,0,0,0,0,1,0.8,0.24,remove_supply_chain_context
R00020,U1148,U1149,2023-01-03T21:59:05,0,0,0,0,0,0,2,0.325,-0.1399999999999999,remove_supply_chain_context
