relation_id,user_id_1,user_id_2,timestamp,relation_type,is_reciprocal,interaction_strength
R00001,U1168,U1170,2023-01-01T00:26:30,collaborator,1,0.417571
R00002,U0056,U0057,2023-01-01T04:18:53,collaborator,1,0.192037
R00003,U0682,U1365,2023-01-01T10:27:07,colleague,1,0.07389
R00004,U0757,U0758,2023-01-01T11:22:56,collaborator,1,0.016323
R00005,U0137,U0138,2023-01-01T12:45:46,acquaintance,1,0.236277
R00006,U0936,U0938,2023-01-01T13:26:41,collaborator,1,0.836406
R00007,U1047,U1049,2023-01-01T13:51:04,acquaintance,1,0.948625
R00008,U0903,U0905,2023-01-01T16:35:20,acquaintance,1,0.887284
R00009,U0290,U0998,2023-01-02T01:55:00,collaborator,1,0.442385
R00010,U0639,U0641,2023-01-02T07:32:46,colleague,1,0.33294
R00011,U0157,U0159,2023-01-02T10:58:49,acquaintance,1,0.815636
R00012,U0750,U0751,2023-01-02T11:01:56,collaborator,1,0.084337
R00013,U0513,U0515,2023-01-02T19:45:40,collaborator,1,0.317935
R00014,U0344,U0346,2023-01-03T09:12:43,collaborator,1,0.618905
R00015,U0245,U0248,2023-01-03T09:46:11,colleague,1,0.595485
R00016,U0164,U0874,2023-01-03T11:44:12,collaborator,1,0.399289
R00017,U1302,U1303,2023-01-03T15:05:41,colleague,1,0.868779
R00018,U1061,U1064,2023-01-03T19:14:32,collaborator,1,0.396902
R00019,U1029,U1031,2023-01-03T21:27:15,collaborator,1,0.962204
R00020,U1148,U1149,2023-01-03T21:59:05,acquaintance,1,0.492282
