event_id,event_type,user_id,target_id,timestamp,metadata
TE00001,career,U0858,C116,2023-01-01T00:18:32,"{""career_event_id"":""CE01784"",""company_id"":""C116"",""industry_id"":""I013"",""transition_type"":""first_job""}"
TE00002,relation,U1168,U1170,2023-01-01T00:26:30,"{""is_undirected"":true,""other_user_id"":""U1170"",""relation_id"":""R00001"",""relation_type"":""collaborator""}"
TE00003,career,U0387,C223,2023-01-01T00:46:10,"{""career_event_id"":""CE00809"",""company_id"":""C223"",""industry_id"":""I012"",""transition_type"":""first_job""}"
TE00004,career,U0157,C006,2023-01-01T00:54:31,"{""career_event_id"":""CE00335"",""company_id"":""C006"",""industry_id"":""I023"",""transition_type"":""first_job""}"
TE00005,career,U1268,C307,2023-01-01T01:13:29,"{""career_event_id"":""CE02613"",""company_id"":""C307"",""industry_id"":""I023"",""transition_type"":""first_job""}"
TE00006,career,U0074,C187,2023-01-01T01:21:50,"{""career_event_id"":""CE00158"",""company_id"":""C187"",""industry_id"":""I002"",""transition_type"":""first_job""}"
TE00007,career,U0770,C173,2023-01-01T03:46:27,"{""career_event_id"":""CE01612"",""company_id"":""C173"",""industry_id"":""I016"",""transition_type"":""first_job""}"
TE00008,relation,U0056,U0057,2023-01-01T04:18:53,"{""is_undirected"":true,""other_user_id"":""U0057"",""relation_id"":""R00002"",""relation_type"":""collaborator""}"
TE00009,interest_like,U1254,IT01176,2023-01-01T05:06:46,"{""interaction_id"":""LI02883"",""interaction_type"":""like""}"
TE00010,career,U1019,C216,2023-01-01T05:07:59,"{""career_event_id"":""CE02110"",""company_id"":""C216"",""industry_id"":""I010"",""transition_type"":""first_job""}"
TE00011,career,U0191,C284,2023-01-01T05:58:21,"{""career_event_id"":""CE00401"",""company_id"":""C284"",""industry_id"":""I016"",""transition_type"":""first_job""}"
TE00012,career,U0223,C060,2023-01-01T06:01:52,"{""career_event_id"":""CE00467"",""company_id"":""C060"",""industry_id"":""I011"",""transition_type"":""first_job""}"
TE00013,career,U0156,C155,2023-01-01T07:13:49,"{""career_event_id"":""CE00334"",""company_id"":""C155"",""industry_id"":""I005"",""transition_type"":""first_job""}"
TE00014,hyperedge_creation,U0678,H03386,2023-01-01T07:54:33,"{""hyperedge_id"":""H03386"",""relation_type"":""work_context"",""supply_chain_specific"":0}"
TE00015,career,U1181,C141,2023-01-01T08:23:15,"{""career_event_id"":""CE02441"",""company_id"":""C141"",""industry_id"":""I019"",""transition_type"":""first_job""}"
TE00016,career,U0495,C067,2023-01-01T08:52:36,"{""career_event_id"":""CE01031"",""company_id"":""C067"",""industry_id"":""I002"",""transition_type"":""first_job""}"
TE00017,relation,U0682,U1365,2023-01-01T10:27:07,"{""is_undirected"":true,""other_user_id"":""U1365"",""relation_id"":""R00003"",""relation_type"":""colleague""}"
TE00018,relation,U0757,U0758,2023-01-01T11:22:56,"{""is_undirected"":true,""other_user_id"":""U0758"",""relation_id"":""R00004"",""relation_type"":""collaborator""}"
TE00019,relation,U0137,U0138,2023-01-01T12:45:46,"{""is_undirected"":true,""other_user_id"":""U0138"",""relation_id"":""R00005"",""relation_type"":""acquaintance""}"
TE00020,relation,U0936,U0938,2023-01-01T13:26:41,"{""is_undirected"":true,""other_user_id"":""U0938"",""relation_id"":""R00006"",""relation_type"":""collaborator""}"
