pair_id,anchor_user_id,positive_user_id,non_positive_user_id,sample_index,split_time,label
P_train_00001,U1170,U1168,U0592,1,2023-01-01T00:26:30,0
P_train_00001,U1170,U1168,U0784,2,2023-01-01T00:26:30,0
P_train_00001,U1170,U1168,U1134,3,2023-01-01T00:26:30,0
P_train_00001,U1170,U1168,U0200,4,2023-01-01T00:26:30,0
P_train_00002,U0057,U0056,U0980,1,2023-01-01T04:18:53,0
P_train_00002,U0057,U0056,U0407,2,2023-01-01T04:18:53,0
P_train_00002,U0057,U0056,U0883,3,2023-01-01T04:18:53,0
P_train_00002,U0057,U0056,U0480,4,2023-01-01T04:18:53,0
P_train_00003,U1365,U0682,U0973,1,2023-01-01T10:27:07,0
P_train_00003,U1365,U0682,U0393,2,2023-01-01T10:27:07,0
P_train_00003,U1365,U0682,U0550,3,2023-01-01T10:27:07,0
P_train_00003,U1365,U0682,U0904,4,2023-01-01T10:27:07,0
P_train_00004,U0758,U0757,U1403,1,2023-01-01T11:22:56,0
P_train_00004,U0758,U0757,U1106,2,2023-01-01T11:22:56,0
P_train_00004,U0758,U0757,U1254,3,2023-01-01T11:22:56,0
P_train_00004,U0758,U0757,U1201,4,2023-01-01T11:22:56,0
P_train_00005,U0137,U0138,U0811,1,2023-01-01T12:45:46,0
P_train_00005,U0137,U0138,U1031,2,2023-01-01T12:45:46,0
P_train_00005,U0137,U0138,U0362,3,2023-01-01T12:45:46,0
P_train_00005,U0137,U0138,U0762,4,2023-01-01T12:45:46,0
