anchor_user_id,positive_user_id,negative_user_ids,split_time,label
U1170,U1168,U0592|U0784|U1134|U0200,2023-01-01T00:26:30,1
U0057,U0056,U0980|U0407|U0883|U0480,2023-01-01T04:18:53,1
U1365,U0682,U0973|U0393|U0550|U0904,2023-01-01T10:27:07,1
U0758,U0757,U1403|U1106|U1254|U1201,2023-01-01T11:22:56,1
U0137,U0138,U0811|U1031|U0362|U0762,2023-01-01T12:45:46,1
U0938,U0936,U1183|U0588|U1307|U1392,2023-01-01T13:26:41,1
U1047,U1049,U0763|U1198|U1100|U1010,2023-01-01T13:51:04,1
U0903,U0905,U0461|U0869|U0115|U0577,2023-01-01T16:35:20,1
U0998,U0290,U0676|U0816|U1159|U1060,2023-01-02T01:55:00,1
U0639,U0641,U0021|U1180|U0015|U0330,2023-01-02T07:32:46,1
U0157,U0159,U0185|U1171|U0540|U0781,2023-01-02T10:58:49,1
U0751,U0750,U0212|U0198|U0334|U1403,2023-01-02T11:01:56,1
U0515,U0513,U0302|U0117|U1356|U0024,2023-01-02T19:45:40,1
U0344,U0346,U0997|U0425|U1367|U0962,2023-01-03T09:12:43,1
U0248,U0245,U0892|U0553|U1189|U0861,2023-01-03T09:46:11,1
U0874,U0164,U0625|U0689|U0270|U1262,2023-01-03T11:44:12,1
U1303,U1302,U0972|U0928|U0227|U0771,2023-01-03T15:05:41,1
U1061,U1064,U0181|U0198|U0013|U0525,2023-01-03T19:14:32,1
U1031,U1029,U0506|U0205|U0640|U0338,2023-01-03T21:27:15,1
U1148,U1149,U0166|U0469|U1159|U0004,2023-01-03T21:59:05,1
