university_id,university_name
V001,UniversityToken_001
V002,UniversityToken_002
V003,UniversityToken_003
V004,UniversityToken_004
V005,UniversityToken_005
V006,UniversityToken_006
V007,UniversityToken_007
V008,UniversityToken_008
V009,UniversityToken_009
V010,UniversityToken_010
V011,UniversityToken_011
V012,UniversityToken_012
V013,UniversityToken_013
V014,UniversityToken_014
V015,UniversityToken_015
V016,UniversityToken_016
V017,UniversityToken_017
V018,UniversityToken_018
V019,UniversityToken_019
V020,UniversityToken_020
