user_id,experience_years,industry_id,function_id,occupation_id,seniority_level,education_level,field_of_study,university_id,company_id,company_size,geographic_region_id,supply_chain_role,supply_chain_stage,supply_chain_path,profile_text,occupation_text,skills_text,is_cold,first_interaction_time,pre_t1_interaction_count
U0001,3.39,I003,F003,O012,2,Level_B,Field_M,V036,C001,Small,L034,Distribution,Midstream,Path_I,synthetic_profile U0001 ; I003 ; F003 ; O012 ; role_06 ; stage_02 ; skills S095|S199|S233|S155,synthetic_occupation O012 ; function F003 ; seniority_token,S095|S199|S233|S155|S043|S107|S220|S033,False,2023-04-12T22:13:24,6
U0002,,I013,F001,O006,6,Level_C,Field_L,V005,C137,Small,L021,Manufacturing,Upstream,Path_F,synthetic_profile U0002 ; I013 ; F001 ; O006 ; role_03 ; stage_01 ; skills S084|S198|S180|S062,synthetic_occupation O006 ; function F001 ; seniority_token,S084|S198|S180|S062|S099|S025,False,2023-06-12T12:12:33,6
U0003,5.93,I005,F016,O086,2,Level_A,Field_O,V020,C048,Micro,L035,Supplier Management,Midstream,Path_K,synthetic_profile U0003 ; I005 ; F016 ; O086 ; role_04 ; stage_02 ; skills S239|S047|S140|S051,synthetic_occupation O086 ; function F016 ; seniority_token,S239|S047|S140|S051|S014|S111|S113|S080,False,2023-03-20T23:45:59,8
U0004,17.36,I023,F011,O057,7,unknown,Field_A,V025,C055,Micro,L010,Distribution,Downstream,Path_K,synthetic_profile U0004 ; I023 ; F011 ; O057 ; role_06 ; stage_03 ; skills S028|S177|S149|S013,synthetic_occupation O057 ; function F011 ; seniority_token,S028|S177|S149|S013|S110|S024|S026,False,2023-02-05T19:23:25,5
U0005,3.98,I005,F015,O080,7,Level_B,Field_H,V040,C105,Medium,L009,Supplier Management,Midstream,Path_D,synthetic_profile U0005 ; I005 ; F015 ; O080 ; role_04 ; stage_02 ; skills S113|S031|S189|S094,synthetic_occupation O080 ; function F015 ; seniority_token,S113|S031|S189|S094|S223|S090|S190|S140,True,2024-05-11T08:15:41,0
U0006,14.91,I007,F009,O048,1,Level_A,Field_J,V047,C176,Micro,L022,Manufacturing,Midstream,Path_F,synthetic_profile U0006 ; I007 ; F009 ; O048 ; role_03 ; stage_02 ; skills S088|S083|S231|S131,synthetic_occupation O048 ; function F009 ; seniority_token,S088|S083|S231|S131|S017|S077,False,2023-01-17T20:46:28,5
U0007,1.48,I017,F018,O092,6,Level_A,Field_M,V021,C165,Small,L036,Retail,Midstream,Path_B,synthetic_profile U0007 ; I017 ; F018 ; O092 ; role_07 ; stage_02 ; skills S224|S147|S231|S136,synthetic_occupation O092 ; function F018 ; seniority_token,S224|S147|S231|S136|S010|S215|S002|S164,False,2023-01-09T18:24:28,5
U0008,8.57,I017,F003,O014,7,Level_A,Field_N,V030,C282,Small,L035,Logistics,Midstream,Path_F,synthetic_profile U0008 ; I017 ; F003 ; O014 ; role_02 ; stage_02 ; skills S190|S019|S230|S228,synthetic_occupation O014 ; function F003 ; seniority_token,S190|S019|S230|S228|S206,False,2023-01-13T14:10:36,6
U0009,5.62,I009,F003,O014,2,Level_C,Field_A,V029,C037,Micro,L016,Procurement,Downstream,Path_C,synthetic_profile U0009 ; I009 ; F003 ; O014 ; role_01 ; stage_03 ; skills S017|S209|S174|S067,synthetic_occupation O014 ; function F003 ; seniority_token,S017|S209|S174|S067|S166|S016|S072|S006,True,2024-11-02T00:00:00,0
U0010,7.18,I012,F007,O034,4,Level_B,Field_A,V034,C026,Micro,L022,Supplier Management,Midstream,Path_L,synthetic_profile U0010 ; I012 ; F007 ; O034 ; role_04 ; stage_02 ; skills S191|S099|S059|S020,synthetic_occupation O034 ; function F007 ; seniority_token,S191|S099|S059|S020|S232,True,2024-08-10T01:11:21,0
U0011,6.41,I008,F010,O054,3,Level_E,Field_F,V012,C207,Micro,L011,Procurement,Downstream,Path_J,synthetic_profile U0011 ; I008 ; F010 ; O054 ; role_01 ; stage_03 ; skills S038|S067|S028|S224,synthetic_occupation O054 ; function F010 ; seniority_token,S038|S067|S028|S224|S002|S213|S015|S199,False,2023-01-09T18:24:28,5
U0012,19.02,I004,F013,O068,4,Level_B,Field_H,V024,C251,Micro,L034,Procurement,Downstream,Path_L,synthetic_profile U0012 ; I004 ; F013 ; O068 ; role_01 ; stage_03 ; skills S222|S191|S073|S031,synthetic_occupation O068 ; function F013 ; seniority_token,S222|S191|S073|S031|S148|S220,False,2023-01-15T14:14:25,5
U0013,11.78,I019,F014,O073,4,Level_B,Field_A,V010,C053,Small,L004,Retail,Midstream,Path_B,synthetic_profile U0013 ; I019 ; F014 ; O073 ; role_07 ; stage_02 ; skills S038|S205|S075|S050,synthetic_occupation O073 ; function F014 ; seniority_token,S038|S205|S075|S050|S068,False,2023-01-18T05:20:53,5
U0014,8.44,I007,F010,O052,6,Level_C,Field_D,V020,C195,Micro,L004,Distribution,Downstream,Path_C,synthetic_profile U0014 ; I007 ; F010 ; O052 ; role_06 ; stage_03 ; skills S027|S225|S084|S031,synthetic_occupation O052 ; function F010 ; seniority_token,S027|S225|S084|S031|S204|S153|S148|S144,False,2023-01-12T09:14:58,8
U0015,3.22,I018,F017,O087,7,Level_B,Field_B,V037,C289,Micro,L006,Retail,Upstream,Path_J,synthetic_profile U0015 ; I018 ; F017 ; O087 ; role_07 ; stage_01 ; skills S008|S139|S118|S125,synthetic_occupation O087 ; function F017 ; seniority_token,S008|S139|S118|S125|S127,False,2023-05-14T04:38:42,5
U0016,10.36,I001,F009,O046,4,Level_E,Field_G,V027,C186,Medium,L013,Logistics,Upstream,Path_F,synthetic_profile U0016 ; I001 ; F009 ; O046 ; role_02 ; stage_01 ; skills S103|S186|S192|S153,synthetic_occupation O046 ; function F009 ; seniority_token,S103|S186|S192|S153|S177|S110|S169|S216,False,2023-01-12T09:14:58,6
U0017,10.95,I006,F011,O058,2,Level_D,Field_M,V044,C061,Micro,L005,Procurement,Upstream,Path_E,synthetic_profile U0017 ; I006 ; F011 ; O058 ; role_01 ; stage_01 ; skills S176|S054|S066|S213,synthetic_occupation O058 ; function F011 ; seniority_token,S176|S054|S066|S213|S175|S136|S027,False,2023-07-03T08:26:51,6
U0018,5.35,I010,F005,O024,3,Level_A,Field_H,V025,C142,Micro,L007,Manufacturing,Midstream,Path_B,synthetic_profile U0018 ; I010 ; F005 ; O024 ; role_03 ; stage_02 ; skills S187|S017|S100|S140,synthetic_occupation O024 ; function F005 ; seniority_token,S187|S017|S100|S140|S035|S115|S165|S058,False,2023-02-05T22:32:22,5
U0019,3.16,I004,F001,O003,7,Level_D,Field_O,V049,C224,Small,L023,Manufacturing,Midstream,Path_K,synthetic_profile U0019 ; I004 ; F001 ; O003 ; role_03 ; stage_02 ; skills S223|S128|S181|S088,,S223|S128|S181|S088|S015,False,2023-02-05T22:32:22,5
U0020,6.96,I012,F009,O046,2,Level_B,Field_E,V038,C098,Large,L036,Supplier Management,Midstream,Path_G,synthetic_profile U0020 ; I012 ; F009 ; O046 ; role_04 ; stage_02 ; skills S191|S233|S026|S054,synthetic_occupation O046 ; function F009 ; seniority_token,S191|S233|S026|S054|S169|S048|S196,True,2024-05-23T00:07:02,0
