user_id,interest_title_id,timestamp
U1254,IT01176,2023-01-01T05:06:46
U1185,IT08262,2023-01-01T19:30:53
U0541,IT08683,2023-01-01T20:43:17
U0089,IT04094,2023-01-02T08:41:51
U0099,IT05634,2023-01-02T17:01:41
U0573,IT01099,2023-01-02T23:25:56
U0920,IT08675,2023-01-03T02:40:07
U0099,IT08305,2023-01-03T21:36:56
U0476,IT08541,2023-01-04T03:42:54
U0192,IT02608,2023-01-04T18:52:27
U0550,IT04531,2023-01-05T00:17:27
U0287,IT09239,2023-01-05T10:22:01
U0728,IT04308,2023-01-05T10:57:37
U0859,IT00808,2023-01-05T12:43:28
U1051,IT02327,2023-01-05T15:30:04
U0631,IT07139,2023-01-05T18:31:49
U0752,IT01333,2023-01-05T19:38:15
U0684,IT08461,2023-01-05T20:22:29
U0382,IT04709,2023-01-06T12:19:34
U0696,IT08491,2023-01-06T15:38:27
