user_id,skill_id,proficiency,timestamp
U0001,S033,2,2023-01-01T00:00:00
U0001,S043,1,2023-01-01T00:00:00
U0001,S095,1,2023-01-01T00:00:00
U0001,S107,3,2023-01-01T00:00:00
U0001,S155,2,2023-01-01T00:00:00
U0001,S199,3,2023-01-01T00:00:00
U0001,S220,1,2023-01-01T00:00:00
U0001,S233,4,2023-01-01T00:00:00
U0002,S025,1,2023-01-01T00:00:00
U0002,S062,2,2023-01-01T00:00:00
U0002,S084,3,2023-01-01T00:00:00
U0002,S099,2,2023-01-01T00:00:00
U0002,S180,5,2023-01-01T00:00:00
U0002,S198,4,2023-01-01T00:00:00
U0003,S014,3,2023-01-01T00:00:00
U0003,S047,1,2023-01-01T00:00:00
U0003,S051,4,2023-01-01T00:00:00
U0003,S080,5,2023-01-01T00:00:00
U0003,S111,5,2023-01-01T00:00:00
U0003,S113,5,2023-01-01T00:00:00
