user_id,pre_t1_relation_count,reserved_split,cold_start_reason
U0005,0,test,zero_user_user_relations_at_or_before_t1
U0009,0,test,zero_user_user_relations_at_or_before_t1
U0010,0,test,zero_user_user_relations_at_or_before_t1
U0020,0,test,zero_user_user_relations_at_or_before_t1
U0029,0,test,zero_user_user_relations_at_or_before_t1
U0033,0,test,zero_user_user_relations_at_or_before_t1
U0037,0,test,zero_user_user_relations_at_or_before_t1
U0038,0,test,zero_user_user_relations_at_or_before_t1
U0059,0,test,zero_user_user_relations_at_or_before_t1
U0060,0,test,zero_user_user_relations_at_or_before_t1
U0063,0,test,zero_user_user_relations_at_or_before_t1
U0066,0,test,zero_user_user_relations_at_or_before_t1
U0071,0,test,zero_user_user_relations_at_or_before_t1
U0090,0,test,zero_user_user_relations_at_or_before_t1
U0096,0,test,zero_user_user_relations_at_or_before_t1
U0100,0,test,zero_user_user_relations_at_or_before_t1
U0120,0,test,zero_user_user_relations_at_or_before_t1
U0121,0,test,zero_user_user_relations_at_or_before_t1
U0126,0,test,zero_user_user_relations_at_or_before_t1
U0129,0,test,zero_user_user_relations_at_or_before_t1
U0130,0,test,zero_user_user_relations_at_or_before_t1
U0133,0,test,zero_user_user_relations_at_or_before_t1
U0149,0,test,zero_user_user_relations_at_or_before_t1
U0158,0,test,zero_user_user_relations_at_or_before_t1
U0160,0,test,zero_user_user_relations_at_or_before_t1
U0162,0,test,zero_user_user_relations_at_or_before_t1
U0165,0,test,zero_user_user_relations_at_or_before_t1
U0174,0,test,zero_user_user_relations_at_or_before_t1
U0176,0,test,zero_user_user_relations_at_or_before_t1
U0184,0,test,zero_user_user_relations_at_or_before_t1
U0188,0,test,zero_user_user_relations_at_or_before_t1
U0189,0,test,zero_user_user_relations_at_or_before_t1
U0206,0,test,zero_user_user_relations_at_or_before_t1
U0211,0,test,zero_user_user_relations_at_or_before_t1
U0213,0,test,zero_user_user_relations_at_or_before_t1
U0217,0,test,zero_user_user_relations_at_or_before_t1
U0219,0,test,zero_user_user_relations_at_or_before_t1
U0224,0,test,zero_user_user_relations_at_or_before_t1
U0226,0,test,zero_user_user_relations_at_or_before_t1
U0228,0,test,zero_user_user_relations_at_or_before_t1
U0243,0,test,zero_user_user_relations_at_or_before_t1
U0246,0,test,zero_user_user_relations_at_or_before_t1
U0252,0,test,zero_user_user_relations_at_or_before_t1
U0255,0,test,zero_user_user_relations_at_or_before_t1
U0259,0,test,zero_user_user_relations_at_or_before_t1
U0268,0,test,zero_user_user_relations_at_or_before_t1
U0280,0,test,zero_user_user_relations_at_or_before_t1
U0281,0,test,zero_user_user_relations_at_or_before_t1
U0282,0,test,zero_user_user_relations_at_or_before_t1
U0296,0,test,zero_user_user_relations_at_or_before_t1
U0297,0,test,zero_user_user_relations_at_or_before_t1
U0307,0,test,zero_user_user_relations_at_or_before_t1
U0308,0,test,zero_user_user_relations_at_or_before_t1
U0310,0,test,zero_user_user_relations_at_or_before_t1
U0314,0,test,zero_user_user_relations_at_or_before_t1
U0325,0,test,zero_user_user_relations_at_or_before_t1
U0332,0,test,zero_user_user_relations_at_or_before_t1
U0339,0,test,zero_user_user_relations_at_or_before_t1
U0341,0,test,zero_user_user_relations_at_or_before_t1
U0349,0,test,zero_user_user_relations_at_or_before_t1
U0352,0,test,zero_user_user_relations_at_or_before_t1
U0365,0,test,zero_user_user_relations_at_or_before_t1
U0368,0,test,zero_user_user_relations_at_or_before_t1
U0377,0,test,zero_user_user_relations_at_or_before_t1
U0378,0,test,zero_user_user_relations_at_or_before_t1
U0379,0,test,zero_user_user_relations_at_or_before_t1
U0391,0,test,zero_user_user_relations_at_or_before_t1
U0398,0,test,zero_user_user_relations_at_or_before_t1
U0400,0,test,zero_user_user_relations_at_or_before_t1
U0402,0,test,zero_user_user_relations_at_or_before_t1
U0416,0,test,zero_user_user_relations_at_or_before_t1
U0435,0,test,zero_user_user_relations_at_or_before_t1
U0436,0,test,zero_user_user_relations_at_or_before_t1
U0440,0,test,zero_user_user_relations_at_or_before_t1
U0441,0,test,zero_user_user_relations_at_or_before_t1
U0445,0,test,zero_user_user_relations_at_or_before_t1
U0448,0,test,zero_user_user_relations_at_or_before_t1
U0449,0,test,zero_user_user_relations_at_or_before_t1
U0450,0,test,zero_user_user_relations_at_or_before_t1
U0466,0,test,zero_user_user_relations_at_or_before_t1
U0486,0,test,zero_user_user_relations_at_or_before_t1
U0489,0,test,zero_user_user_relations_at_or_before_t1
U0494,0,test,zero_user_user_relations_at_or_before_t1
U0496,0,test,zero_user_user_relations_at_or_before_t1
U0497,0,test,zero_user_user_relations_at_or_before_t1
U0500,0,test,zero_user_user_relations_at_or_before_t1
U0503,0,test,zero_user_user_relations_at_or_before_t1
U0512,0,test,zero_user_user_relations_at_or_before_t1
U0522,0,test,zero_user_user_relations_at_or_before_t1
U0528,0,test,zero_user_user_relations_at_or_before_t1
U0545,0,test,zero_user_user_relations_at_or_before_t1
U0547,0,test,zero_user_user_relations_at_or_before_t1
U0555,0,test,zero_user_user_relations_at_or_before_t1
U0557,0,test,zero_user_user_relations_at_or_before_t1
U0558,0,test,zero_user_user_relations_at_or_before_t1
U0560,0,test,zero_user_user_relations_at_or_before_t1
U0572,0,test,zero_user_user_relations_at_or_before_t1
U0578,0,test,zero_user_user_relations_at_or_before_t1
U0585,0,test,zero_user_user_relations_at_or_before_t1
U0590,0,test,zero_user_user_relations_at_or_before_t1
U0595,0,test,zero_user_user_relations_at_or_before_t1
U0601,0,test,zero_user_user_relations_at_or_before_t1
U0602,0,test,zero_user_user_relations_at_or_before_t1
U0609,0,test,zero_user_user_relations_at_or_before_t1
U0612,0,test,zero_user_user_relations_at_or_before_t1
U0614,0,test,zero_user_user_relations_at_or_before_t1
U0617,0,test,zero_user_user_relations_at_or_before_t1
U0618,0,test,zero_user_user_relations_at_or_before_t1
U0619,0,test,zero_user_user_relations_at_or_before_t1
U0621,0,test,zero_user_user_relations_at_or_before_t1
U0630,0,test,zero_user_user_relations_at_or_before_t1
U0644,0,test,zero_user_user_relations_at_or_before_t1
U0645,0,test,zero_user_user_relations_at_or_before_t1
U0647,0,test,zero_user_user_relations_at_or_before_t1
U0655,0,test,zero_user_user_relations_at_or_before_t1
U0658,0,test,zero_user_user_relations_at_or_before_t1
U0669,0,test,zero_user_user_relations_at_or_before_t1
U0677,0,test,zero_user_user_relations_at_or_before_t1
U0680,0,test,zero_user_user_relations_at_or_before_t1
U0688,0,test,zero_user_user_relations_at_or_before_t1
U0698,0,test,zero_user_user_relations_at_or_before_t1
U0720,0,test,zero_user_user_relations_at_or_before_t1
U0721,0,test,zero_user_user_relations_at_or_before_t1
U0722,0,test,zero_user_user_relations_at_or_before_t1
U0734,0,test,zero_user_user_relations_at_or_before_t1
U0738,0,test,zero_user_user_relations_at_or_before_t1
U0740,0,test,zero_user_user_relations_at_or_before_t1
U0754,0,test,zero_user_user_relations_at_or_before_t1
U0765,0,test,zero_user_user_relations_at_or_before_t1
U0767,0,test,zero_user_user_relations_at_or_before_t1
U0775,0,test,zero_user_user_relations_at_or_before_t1
U0777,0,test,zero_user_user_relations_at_or_before_t1
U0783,0,test,zero_user_user_relations_at_or_before_t1
U0786,0,test,zero_user_user_relations_at_or_before_t1
U0788,0,test,zero_user_user_relations_at_or_before_t1
U0789,0,test,zero_user_user_relations_at_or_before_t1
U0798,0,test,zero_user_user_relations_at_or_before_t1
U0808,0,test,zero_user_user_relations_at_or_before_t1
U0809,0,test,zero_user_user_relations_at_or_before_t1
U0836,0,test,zero_user_user_relations_at_or_before_t1
U0840,0,test,zero_user_user_relations_at_or_before_t1
U0860,0,test,zero_user_user_relations_at_or_before_t1
U0866,0,test,zero_user_user_relations_at_or_before_t1
U0867,0,test,zero_user_user_relations_at_or_before_t1
U0879,0,test,zero_user_user_relations_at_or_before_t1
U0884,0,test,zero_user_user_relations_at_or_before_t1
U0885,0,test,zero_user_user_relations_at_or_before_t1
U0889,0,test,zero_user_user_relations_at_or_before_t1
U0895,0,test,zero_user_user_relations_at_or_before_t1
U0896,0,test,zero_user_user_relations_at_or_before_t1
U0900,0,test,zero_user_user_relations_at_or_before_t1
U0902,0,test,zero_user_user_relations_at_or_before_t1
U0912,0,test,zero_user_user_relations_at_or_before_t1
U0917,0,test,zero_user_user_relations_at_or_before_t1
U0923,0,test,zero_user_user_relations_at_or_before_t1
U0930,0,test,zero_user_user_relations_at_or_before_t1
U0931,0,test,zero_user_user_relations_at_or_before_t1
U0935,0,test,zero_user_user_relations_at_or_before_t1
U0937,0,test,zero_user_user_relations_at_or_before_t1
U0946,0,test,zero_user_user_relations_at_or_before_t1
U0963,0,test,zero_user_user_relations_at_or_before_t1
U0978,0,test,zero_user_user_relations_at_or_before_t1
U0983,0,test,zero_user_user_relations_at_or_before_t1
U0984,0,test,zero_user_user_relations_at_or_before_t1
U0996,0,test,zero_user_user_relations_at_or_before_t1
U0999,0,test,zero_user_user_relations_at_or_before_t1
U1001,0,test,zero_user_user_relations_at_or_before_t1
U1016,0,test,zero_user_user_relations_at_or_before_t1
U1027,0,test,zero_user_user_relations_at_or_before_t1
U1030,0,test,zero_user_user_relations_at_or_before_t1
U1032,0,test,zero_user_user_relations_at_or_before_t1
U1041,0,test,zero_user_user_relations_at_or_before_t1
U1043,0,test,zero_user_user_relations_at_or_before_t1
U1055,0,test,zero_user_user_relations_at_or_before_t1
U1057,0,test,zero_user_user_relations_at_or_before_t1
U1062,0,test,zero_user_user_relations_at_or_before_t1
U1066,0,test,zero_user_user_relations_at_or_before_t1
U1077,0,test,zero_user_user_relations_at_or_before_t1
U1082,0,test,zero_user_user_relations_at_or_before_t1
U1087,0,test,zero_user_user_relations_at_or_before_t1
U1088,0,test,zero_user_user_relations_at_or_before_t1
U1089,0,test,zero_user_user_relations_at_or_before_t1
U1092,0,test,zero_user_user_relations_at_or_before_t1
U1110,0,test,zero_user_user_relations_at_or_before_t1
U1112,0,test,zero_user_user_relations_at_or_before_t1
U1113,0,test,zero_user_user_relations_at_or_before_t1
U1116,0,test,zero_user_user_relations_at_or_before_t1
U1122,0,test,zero_user_user_relations_at_or_before_t1
U1144,0,test,zero_user_user_relations_at_or_before_t1
U1153,0,test,zero_user_user_relations_at_or_before_t1
U1158,0,test,zero_user_user_relations_at_or_before_t1
U1173,0,test,zero_user_user_relations_at_or_before_t1
U1178,0,test,zero_user_user_relations_at_or_before_t1
U1191,0,test,zero_user_user_relations_at_or_before_t1
U1203,0,test,zero_user_user_relations_at_or_before_t1
U1224,0,test,zero_user_user_relations_at_or_before_t1
U1225,0,test,zero_user_user_relations_at_or_before_t1
U1228,0,test,zero_user_user_relations_at_or_before_t1
U1242,0,test,zero_user_user_relations_at_or_before_t1
U1248,0,test,zero_user_user_relations_at_or_before_t1
U1263,0,test,zero_user_user_relations_at_or_before_t1
U1291,0,test,zero_user_user_relations_at_or_before_t1
U1294,0,test,zero_user_user_relations_at_or_before_t1
U1313,0,test,zero_user_user_relations_at_or_before_t1
U1318,0,test,zero_user_user_relations_at_or_before_t1
U1319,0,test,zero_user_user_relations_at_or_before_t1
U1330,0,test,zero_user_user_relations_at_or_before_t1
U1333,0,test,zero_user_user_relations_at_or_before_t1
U1342,0,test,zero_user_user_relations_at_or_before_t1
U1345,0,test,zero_user_user_relations_at_or_before_t1
U1370,0,test,zero_user_user_relations_at_or_before_t1
U1374,0,test,zero_user_user_relations_at_or_before_t1
U1377,0,test,zero_user_user_relations_at_or_before_t1
U1378,0,test,zero_user_user_relations_at_or_before_t1
U1380,0,test,zero_user_user_relations_at_or_before_t1
U1385,0,test,zero_user_user_relations_at_or_before_t1
U1386,0,test,zero_user_user_relations_at_or_before_t1
U1391,0,test,zero_user_user_relations_at_or_before_t1
U1394,0,test,zero_user_user_relations_at_or_before_t1
U1400,0,test,zero_user_user_relations_at_or_before_t1
