company_id,industry_id,company_size,organization_type,geographic_region_id,company_age_months
C001,I003,Small,OrgType_D,L034,20
C002,I013,Large,OrgType_H,L008,130
C003,I003,Micro,OrgType_G,L024,137
C004,I004,Large,OrgType_B,L031,143
C005,I018,Micro,OrgType_D,L031,54
C006,I023,Small,OrgType_G,L018,33
C007,I017,Small,OrgType_D,L012,31
C008,I015,Micro,OrgType_B,L034,12
C009,I003,Micro,OrgType_A,L007,29
C010,I001,Micro,OrgType_C,L036,6
C011,I004,Enterprise,OrgType_E,L001,11
C012,I005,Small,OrgType_A,L031,54
C013,I015,Large,OrgType_G,L021,36
C014,I007,Medium,OrgType_F,L029,52
C015,I001,Small,OrgType_G,L027,78
C016,I006,Medium,OrgType_C,L032,60
C017,I012,Micro,OrgType_C,L012,56
C018,I020,Micro,OrgType_D,L025,41
C019,I018,Medium,OrgType_G,L016,24
C020,I004,Medium,OrgType_H,L005,16
C021,I006,Micro,OrgType_G,L021,29
C022,I010,Small,OrgType_D,L019,42
C023,I015,Small,OrgType_A,L036,46
C024,I001,Medium,OrgType_H,L015,91
C025,I014,Small,OrgType_B,L012,39
C026,I012,Micro,OrgType_B,L022,69
C027,I021,Micro,OrgType_H,L016,14
C028,I018,Small,OrgType_C,L021,55
C029,I003,Small,OrgType_A,L007,52
C030,I020,Medium,OrgType_F,L026,130
C031,I003,Small,OrgType_H,L032,36
C032,I011,Micro,OrgType_D,L024,6
C033,I024,Micro,OrgType_H,L011,35
C034,I009,Medium,OrgType_H,L017,79
C035,I013,Medium,OrgType_G,L019,17
C036,I011,Micro,OrgType_F,L024,53
C037,I009,Micro,OrgType_E,L016,16
C038,I006,Small,OrgType_H,L006,191
C039,I023,Micro,OrgType_C,L035,31
C040,I007,Medium,OrgType_F,L001,16
C041,I016,Micro,OrgType_A,L019,29
C042,I020,Micro,OrgType_G,L032,54
C043,I019,Large,OrgType_H,L012,67
C044,I017,Micro,OrgType_H,L003,123
C045,I009,Micro,OrgType_G,L008,26
C046,I001,Micro,OrgType_E,L010,82
C047,I012,Micro,OrgType_H,L009,11
C048,I005,Micro,OrgType_A,L035,19
C049,I006,Micro,OrgType_A,L034,14
C050,I013,Micro,OrgType_F,L024,23
C051,I019,Micro,OrgType_G,L027,79
C052,I013,Small,OrgType_F,L014,27
C053,I019,Small,OrgType_A,L004,31
C054,I004,Micro,OrgType_E,L016,55
C055,I023,Micro,OrgType_A,L010,65
C056,I008,Small,OrgType_F,L028,32
C057,I023,Medium,OrgType_D,L022,19
C058,I020,Medium,OrgType_F,L015,162
C059,I014,Micro,OrgType_G,L029,32
C060,I011,Micro,OrgType_G,L026,34
C061,I006,Micro,OrgType_E,L005,38
C062,I010,Micro,OrgType_C,L032,71
C063,I003,Small,OrgType_B,L025,13
C064,I005,Micro,OrgType_C,L016,230
C065,I004,Micro,OrgType_G,L023,34
C066,I021,Micro,OrgType_C,L020,73
C067,I002,Small,OrgType_B,L007,16
C068,I006,Micro,OrgType_H,L027,50
C069,I015,Medium,OrgType_E,L018,196
C070,I017,Micro,OrgType_H,L013,169
C071,I012,Large,OrgType_B,L003,71
C072,I010,Micro,OrgType_A,L020,22
C073,I001,Medium,OrgType_A,L035,117
C074,I016,Large,OrgType_F,L017,11
C075,I011,Enterprise,OrgType_D,L035,21
C076,I024,Medium,OrgType_G,L036,41
C077,I019,Medium,OrgType_C,L014,12
C078,I009,Small,OrgType_B,L033,29
C079,I021,Medium,OrgType_H,L036,83
C080,I024,Micro,OrgType_F,L023,25
C081,I007,Small,OrgType_F,L031,87
C082,I015,Small,OrgType_B,L007,300
C083,I024,Medium,OrgType_B,L003,60
C084,I014,Small,OrgType_E,L022,85
C085,I023,Micro,OrgType_G,L031,121
C086,I010,Small,OrgType_D,L022,31
C087,I011,Micro,OrgType_F,L017,84
C088,I009,Micro,OrgType_B,L012,30
C089,I007,Small,OrgType_A,L012,57
C090,I003,Micro,OrgType_H,L034,95
C091,I015,Micro,OrgType_D,L034,23
C092,I001,Micro,OrgType_H,L011,6
C093,I002,Micro,OrgType_A,L021,21
C094,I006,Micro,OrgType_A,L010,108
C095,I012,Micro,OrgType_E,L002,19
C096,I017,Small,OrgType_A,L023,103
C097,I007,Micro,OrgType_D,L033,21
C098,I012,Large,OrgType_F,L036,37
C099,I020,Large,OrgType_C,L009,44
C100,I005,Small,OrgType_D,L011,19
C101,I007,Micro,OrgType_A,L006,37
C102,I009,Small,OrgType_A,L010,12
C103,I011,Medium,OrgType_D,L015,33
C104,I024,Small,OrgType_D,L017,41
C105,I005,Medium,OrgType_G,L009,7
C106,I021,Small,OrgType_C,L033,21
C107,I006,Small,OrgType_D,L013,56
C108,I024,Micro,OrgType_B,L009,17
C109,I014,Medium,OrgType_H,L018,63
C110,I003,Micro,OrgType_D,L007,69
C111,I011,Small,OrgType_B,L012,55
C112,I008,Medium,OrgType_B,L004,83
C113,I004,Micro,OrgType_A,L030,12
C114,I014,Small,OrgType_A,L026,99
C115,I017,Micro,OrgType_E,L004,19
C116,I013,Medium,OrgType_E,L025,48
C117,I021,Micro,OrgType_G,L011,188
C118,I013,Large,OrgType_G,L017,33
C119,I013,Micro,OrgType_B,L036,45
C120,I017,Large,OrgType_G,L009,19
C121,I001,Medium,OrgType_H,L035,186
C122,I015,Small,OrgType_E,L003,21
C123,I022,Medium,OrgType_C,L006,74
C124,I001,Medium,OrgType_C,L005,121
C125,I007,Large,OrgType_E,L019,80
C126,I016,Micro,OrgType_D,L030,58
C127,I004,Small,OrgType_A,L027,47
C128,I011,Micro,OrgType_C,L026,16
C129,I014,Small,OrgType_B,L031,178
C130,I014,Micro,OrgType_F,L030,54
C131,I018,Small,OrgType_C,L006,45
C132,I019,Small,OrgType_E,L028,18
C133,I021,Small,OrgType_B,L003,46
C134,I005,Small,OrgType_B,L005,42
C135,I017,Medium,OrgType_H,L034,188
C136,I023,Medium,OrgType_A,L021,45
C137,I013,Small,OrgType_E,L021,46
C138,I021,Small,OrgType_H,L015,18
C139,I008,Large,OrgType_E,L007,24
C140,I022,Micro,OrgType_C,L017,67
C141,I019,Micro,OrgType_E,L013,10
C142,I010,Micro,OrgType_F,L007,99
C143,I014,Small,OrgType_A,L006,101
C144,I006,Micro,OrgType_B,L031,22
C145,I012,Medium,OrgType_C,L007,58
C146,I017,Small,OrgType_E,L028,125
C147,I008,Micro,OrgType_F,L028,40
C148,I005,Large,OrgType_E,L026,34
C149,I009,Medium,OrgType_H,L034,38
C150,I001,Micro,OrgType_E,L002,54
C151,I020,Micro,OrgType_G,L016,27
C152,I019,Micro,OrgType_D,L028,32
C153,I023,Micro,OrgType_H,L006,55
C154,I022,Micro,OrgType_F,L013,30
C155,I005,Large,OrgType_H,L025,17
C156,I005,Small,OrgType_B,L013,10
C157,I001,Micro,OrgType_D,L024,45
C158,I014,Medium,OrgType_H,L015,118
C159,I002,Small,OrgType_E,L024,61
C160,I005,Large,OrgType_F,L035,18
C161,I009,Medium,OrgType_E,L029,24
C162,I001,Small,OrgType_H,L032,34
C163,I002,Micro,OrgType_G,L001,194
C164,I012,Enterprise,OrgType_B,L017,205
C165,I017,Small,OrgType_A,L036,181
C166,I018,Large,OrgType_D,L034,49
C167,I002,Micro,OrgType_H,L023,568
C168,I023,Medium,OrgType_C,L021,25
C169,I011,Small,OrgType_E,L001,33
C170,I013,Micro,OrgType_E,L019,92
C171,I018,Small,OrgType_D,L013,55
C172,I010,Small,OrgType_D,L028,58
C173,I016,Micro,OrgType_B,L012,9
C174,I005,Small,OrgType_F,L001,20
C175,I008,Medium,OrgType_H,L008,42
C176,I007,Micro,OrgType_A,L022,25
C177,I005,Small,OrgType_H,L018,15
C178,I022,Small,OrgType_B,L018,27
C179,I015,Micro,OrgType_E,L017,55
C180,I005,Large,OrgType_C,L001,79
C181,I012,Medium,OrgType_D,L009,9
C182,I011,Micro,OrgType_F,L032,44
C183,I006,Enterprise,OrgType_A,L005,41
C184,I001,Medium,OrgType_C,L011,53
C185,I021,Micro,OrgType_H,L004,18
C186,I001,Medium,OrgType_H,L013,18
C187,I002,Micro,OrgType_H,L015,121
C188,I009,Enterprise,OrgType_B,L009,6
C189,I013,Small,OrgType_E,L030,22
C190,I023,Small,OrgType_G,L015,32
C191,I020,Micro,OrgType_E,L003,34
C192,I010,Large,OrgType_C,L004,26
C193,I002,Micro,OrgType_G,L019,65
C194,I010,Micro,OrgType_F,L031,61
C195,I007,Micro,OrgType_C,L004,39
C196,I016,Medium,OrgType_G,L002,27
C197,I007,Micro,OrgType_B,L015,37
C198,I002,Large,OrgType_A,L027,47
C199,I021,Small,OrgType_A,L007,24
C200,I004,Micro,OrgType_G,L024,69
C201,I014,Micro,OrgType_D,L007,98
C202,I022,Micro,OrgType_B,L005,141
C203,I002,Small,OrgType_G,L020,133
C204,I016,Medium,OrgType_E,L012,34
C205,I006,Micro,OrgType_B,L002,49
C206,I014,Medium,OrgType_H,L001,39
C207,I008,Micro,OrgType_G,L011,39
C208,I009,Medium,OrgType_D,L015,37
C209,I019,Large,OrgType_E,L014,44
C210,I024,Medium,OrgType_B,L007,113
C211,I004,Small,OrgType_H,L031,57
C212,I016,Medium,OrgType_H,L014,17
C213,I020,Micro,OrgType_E,L006,94
C214,I022,Micro,OrgType_C,L014,52
C215,I020,Micro,OrgType_A,L001,66
C216,I010,Small,OrgType_C,L003,56
C217,I007,Medium,OrgType_D,L020,58
C218,I021,Small,OrgType_E,L031,60
C219,I024,Medium,OrgType_H,L030,11
C220,I006,Micro,OrgType_F,L031,65
C221,I019,Medium,OrgType_B,L025,25
C222,I003,Micro,OrgType_C,L034,30
C223,I012,Micro,OrgType_C,L024,44
C224,I004,Small,OrgType_E,L023,162
C225,I022,Enterprise,OrgType_G,L008,20
C226,I008,Small,OrgType_H,L011,43
C227,I019,Micro,OrgType_F,L020,36
C228,I008,Small,OrgType_H,L032,93
C229,I019,Micro,OrgType_A,L029,35
C230,I002,Large,OrgType_B,L029,53
C231,I015,Small,OrgType_F,L006,20
C232,I016,Micro,OrgType_H,L015,108
C233,I006,Micro,OrgType_F,L011,14
C234,I015,Micro,OrgType_F,L003,64
C235,I009,Enterprise,OrgType_D,L019,53
C236,I023,Small,OrgType_C,L004,60
C237,I016,Medium,OrgType_F,L022,14
C238,I004,Small,OrgType_A,L011,35
C239,I013,Small,OrgType_H,L028,89
C240,I002,Micro,OrgType_F,L014,187
C241,I013,Large,OrgType_H,L027,40
C242,I022,Micro,OrgType_F,L033,82
C243,I008,Small,OrgType_E,L022,49
C244,I022,Small,OrgType_E,L012,42
C245,I003,Small,OrgType_D,L015,32
C246,I024,Large,OrgType_C,L017,44
C247,I003,Micro,OrgType_D,L030,76
C248,I020,Small,OrgType_A,L005,81
C249,I018,Micro,OrgType_F,L011,16
C250,I012,Small,OrgType_A,L029,29
C251,I004,Micro,OrgType_B,L034,19
C252,I024,Micro,OrgType_G,L033,46
C253,I021,Micro,OrgType_F,L032,34
C254,I022,Micro,OrgType_C,L011,58
C255,I011,Small,OrgType_C,L033,62
C256,I018,Small,OrgType_H,L035,8
C257,I006,Small,OrgType_E,L028,7
C258,I010,Micro,OrgType_H,L027,44
C259,I009,Micro,OrgType_C,L003,115
C260,I019,Micro,OrgType_C,L019,29
C261,I022,Small,OrgType_D,L020,29
C262,I003,Micro,OrgType_A,L026,98
C263,I011,Micro,OrgType_H,L014,85
C264,I021,Micro,OrgType_D,L031,20
C265,I014,Small,OrgType_G,L031,78
C266,I016,Micro,OrgType_E,L016,24
C267,I008,Small,OrgType_F,L030,29
C268,I002,Small,OrgType_B,L035,20
C269,I019,Small,OrgType_H,L034,16
C270,I003,Small,OrgType_H,L036,48
C271,I018,Small,OrgType_G,L004,14
C272,I024,Micro,OrgType_D,L026,50
C273,I005,Medium,OrgType_B,L023,49
C274,I017,Small,OrgType_C,L017,39
C275,I008,Small,OrgType_E,L011,31
C276,I010,Small,OrgType_B,L011,26
C277,I010,Micro,OrgType_G,L014,18
C278,I004,Small,OrgType_A,L017,142
C279,I021,Medium,OrgType_G,L009,38
C280,I020,Large,OrgType_B,L022,37
C281,I008,Large,OrgType_A,L017,21
C282,I017,Small,OrgType_H,L035,128
C283,I010,Small,OrgType_B,L015,27
C284,I016,Medium,OrgType_E,L011,54
C285,I024,Micro,OrgType_H,L034,63
C286,I009,Medium,OrgType_B,L009,48
C287,I016,Small,OrgType_C,L009,14
C288,I014,Micro,OrgType_F,L026,75
C289,I018,Micro,OrgType_G,L006,27
C290,I023,Medium,OrgType_D,L009,84
C291,I024,Micro,OrgType_E,L029,26
C292,I017,Micro,OrgType_F,L001,42
C293,I001,Micro,OrgType_H,L004,66
C294,I015,Micro,OrgType_A,L005,120
C295,I004,Micro,OrgType_H,L011,73
C296,I011,Medium,OrgType_D,L008,67
C297,I023,Micro,OrgType_A,L028,78
C298,I012,Medium,OrgType_C,L025,23
C299,I015,Medium,OrgType_G,L034,87
C300,I002,Micro,OrgType_D,L009,35
C301,I007,Micro,OrgType_F,L007,36
C302,I007,Small,OrgType_D,L010,47
C303,I008,Micro,OrgType_B,L033,33
C304,I020,Micro,OrgType_A,L012,20
C305,I018,Large,OrgType_E,L019,44
C306,I018,Enterprise,OrgType_A,L004,37
C307,I023,Medium,OrgType_D,L004,36
C308,I012,Micro,OrgType_A,L027,41
C309,I020,Small,OrgType_G,L001,8
C310,I016,Small,OrgType_B,L010,36
C311,I018,Micro,OrgType_G,L017,135
C312,I022,Small,OrgType_G,L016,125
C313,I015,Micro,OrgType_D,L022,46
C314,I022,Micro,OrgType_C,L008,44
C315,I003,Small,OrgType_E,L026,6
C316,I013,Micro,OrgType_D,L015,28
C317,I002,Micro,OrgType_B,L024,77
C318,I017,Medium,OrgType_G,L028,32
