geographic_region_id,region_name
L001,RegionToken_01
L002,RegionToken_02
L003,RegionToken_03
L004,RegionToken_04
L005,RegionToken_05
L006,RegionToken_06
L007,RegionToken_07
L008,RegionToken_08
L009,RegionToken_09
L010,RegionToken_10
L011,RegionToken_11
L012,RegionToken_12
L013,RegionToken_13
L014,RegionToken_14
L015,RegionToken_15
L016,RegionToken_16
L017,RegionToken_17
L018,RegionToken_18
L019,RegionToken_19
L020,RegionToken_20
L021,RegionToken_21
L022,RegionToken_22
L023,RegionToken_23
L024,RegionToken_24
L025,RegionToken_25
L026,RegionToken_26
L027,RegionToken_27
L028,RegionToken_28
L029,RegionToken_29
L030,RegionToken_30
L031,RegionToken_31
L032,RegionToken_32
L033,RegionToken_33
L034,RegionToken_34
L035,RegionToken_35
L036,RegionToken_36
