skill_id,skill_name,skill_cluster
S001,Skill_001,SkillCluster_01
S002,Skill_002,SkillCluster_01
S003,Skill_003,SkillCluster_01
S004,Skill_004,SkillCluster_01
S005,Skill_005,SkillCluster_01
S006,Skill_006,SkillCluster_01
S007,Skill_007,SkillCluster_01
S008,Skill_008,SkillCluster_01
S009,Skill_009,SkillCluster_01
S010,Skill_010,SkillCluster_01
S011,Skill_011,SkillCluster_02
S012,Skill_012,SkillCluster_02
S013,Skill_013,SkillCluster_02
S014,Skill_014,SkillCluster_02
S015,Skill_015,SkillCluster_02
S016,Skill_016,SkillCluster_02
S017,Skill_017,SkillCluster_02
S018,Skill_018,SkillCluster_02
S019,Skill_019,SkillCluster_02
S020,Skill_020,SkillCluster_02
S021,Skill_021,SkillCluster_03
S022,Skill_022,SkillCluster_03
S023,Skill_023,SkillCluster_03
S024,Skill_024,SkillCluster_03
S025,Skill_025,SkillCluster_03
S026,Skill_026,SkillCluster_03
S027,Skill_027,SkillCluster_03
S028,Skill_028,SkillCluster_03
S029,Skill_029,SkillCluster_03
S030,Skill_030,SkillCluster_03
S031,Skill_031,SkillCluster_04
S032,Skill_032,SkillCluster_04
S033,Skill_033,SkillCluster_04
S034,Skill_034,SkillCluster_04
S035,Skill_035,SkillCluster_04
S036,Skill_036,SkillCluster_04
S037,Skill_037,SkillCluster_04
S038,Skill_038,SkillCluster_04
S039,Skill_039,SkillCluster_04
S040,Skill_040,SkillCluster_04
S041,Skill_041,SkillCluster_05
S042,Skill_042,SkillCluster_05
S043,Skill_043,SkillCluster_05
S044,Skill_044,SkillCluster_05
S045,Skill_045,SkillCluster_05
S046,Skill_046,SkillCluster_05
S047,Skill_047,SkillCluster_05
S048,Skill_048,SkillCluster_05
S049,Skill_049,SkillCluster_05
S050,Skill_050,SkillCluster_05
S051,Skill_051,SkillCluster_06
S052,Skill_052,SkillCluster_06
S053,Skill_053,SkillCluster_06
S054,Skill_054,SkillCluster_06
S055,Skill_055,SkillCluster_06
S056,Skill_056,SkillCluster_06
S057,Skill_057,SkillCluster_06
S058,Skill_058,SkillCluster_06
S059,Skill_059,SkillCluster_06
S060,Skill_060,SkillCluster_06
S061,Skill_061,SkillCluster_07
S062,Skill_062,SkillCluster_07
S063,Skill_063,SkillCluster_07
S064,Skill_064,SkillCluster_07
S065,Skill_065,SkillCluster_07
S066,Skill_066,SkillCluster_07
S067,Skill_067,SkillCluster_07
S068,Skill_068,SkillCluster_07
S069,Skill_069,SkillCluster_07
S070,Skill_070,SkillCluster_07
S071,Skill_071,SkillCluster_08
S072,Skill_072,SkillCluster_08
S073,Skill_073,SkillCluster_08
S074,Skill_074,SkillCluster_08
S075,Skill_075,SkillCluster_08
S076,Skill_076,SkillCluster_08
S077,Skill_077,SkillCluster_08
S078,Skill_078,SkillCluster_08
S079,Skill_079,SkillCluster_08
S080,Skill_080,SkillCluster_08
S081,Skill_081,SkillCluster_09
S082,Skill_082,SkillCluster_09
S083,Skill_083,SkillCluster_09
S084,Skill_084,SkillCluster_09
S085,Skill_085,SkillCluster_09
S086,Skill_086,SkillCluster_09
S087,Skill_087,SkillCluster_09
S088,Skill_088,SkillCluster_09
S089,Skill_089,SkillCluster_09
S090,Skill_090,SkillCluster_09
S091,Skill_091,SkillCluster_10
S092,Skill_092,SkillCluster_10
S093,Skill_093,SkillCluster_10
S094,Skill_094,SkillCluster_10
S095,Skill_095,SkillCluster_10
S096,Skill_096,SkillCluster_10
S097,Skill_097,SkillCluster_10
S098,Skill_098,SkillCluster_10
S099,Skill_099,SkillCluster_10
S100,Skill_100,SkillCluster_10
S101,Skill_101,SkillCluster_11
S102,Skill_102,SkillCluster_11
S103,Skill_103,SkillCluster_11
S104,Skill_104,SkillCluster_11
S105,Skill_105,SkillCluster_11
S106,Skill_106,SkillCluster_11
S107,Skill_107,SkillCluster_11
S108,Skill_108,SkillCluster_11
S109,Skill_109,SkillCluster_11
S110,Skill_110,SkillCluster_11
S111,Skill_111,SkillCluster_12
S112,Skill_112,SkillCluster_12
S113,Skill_113,SkillCluster_12
S114,Skill_114,SkillCluster_12
S115,Skill_115,SkillCluster_12
S116,Skill_116,SkillCluster_12
S117,Skill_117,SkillCluster_12
S118,Skill_118,SkillCluster_12
S119,Skill_119,SkillCluster_12
S120,Skill_120,SkillCluster_12
S121,Skill_121,SkillCluster_13
S122,Skill_122,SkillCluster_13
S123,Skill_123,SkillCluster_13
S124,Skill_124,SkillCluster_13
S125,Skill_125,SkillCluster_13
S126,Skill_126,SkillCluster_13
S127,Skill_127,SkillCluster_13
S128,Skill_128,SkillCluster_13
S129,Skill_129,SkillCluster_13
S130,Skill_130,SkillCluster_13
S131,Skill_131,SkillCluster_14
S132,Skill_132,SkillCluster_14
S133,Skill_133,SkillCluster_14
S134,Skill_134,SkillCluster_14
S135,Skill_135,SkillCluster_14
S136,Skill_136,SkillCluster_14
S137,Skill_137,SkillCluster_14
S138,Skill_138,SkillCluster_14
S139,Skill_139,SkillCluster_14
S140,Skill_140,SkillCluster_14
S141,Skill_141,SkillCluster_15
S142,Skill_142,SkillCluster_15
S143,Skill_143,SkillCluster_15
S144,Skill_144,SkillCluster_15
S145,Skill_145,SkillCluster_15
S146,Skill_146,SkillCluster_15
S147,Skill_147,SkillCluster_15
S148,Skill_148,SkillCluster_15
S149,Skill_149,SkillCluster_15
S150,Skill_150,SkillCluster_15
S151,Skill_151,SkillCluster_16
S152,Skill_152,SkillCluster_16
S153,Skill_153,SkillCluster_16
S154,Skill_154,SkillCluster_16
S155,Skill_155,SkillCluster_16
S156,Skill_156,SkillCluster_16
S157,Skill_157,SkillCluster_16
S158,Skill_158,SkillCluster_16
S159,Skill_159,SkillCluster_16
S160,Skill_160,SkillCluster_16
S161,Skill_161,SkillCluster_17
S162,Skill_162,SkillCluster_17
S163,Skill_163,SkillCluster_17
S164,Skill_164,SkillCluster_17
S165,Skill_165,SkillCluster_17
S166,Skill_166,SkillCluster_17
S167,Skill_167,SkillCluster_17
S168,Skill_168,SkillCluster_17
S169,Skill_169,SkillCluster_17
S170,Skill_170,SkillCluster_17
S171,Skill_171,SkillCluster_18
S172,Skill_172,SkillCluster_18
S173,Skill_173,SkillCluster_18
S174,Skill_174,SkillCluster_18
S175,Skill_175,SkillCluster_18
S176,Skill_176,SkillCluster_18
S177,Skill_177,SkillCluster_18
S178,Skill_178,SkillCluster_18
S179,Skill_179,SkillCluster_18
S180,Skill_180,SkillCluster_18
S181,Skill_181,SkillCluster_19
S182,Skill_182,SkillCluster_19
S183,Skill_183,SkillCluster_19
S184,Skill_184,SkillCluster_19
S185,Skill_185,SkillCluster_19
S186,Skill_186,SkillCluster_19
S187,Skill_187,SkillCluster_19
S188,Skill_188,SkillCluster_19
S189,Skill_189,SkillCluster_19
S190,Skill_190,SkillCluster_19
S191,Skill_191,SkillCluster_20
S192,Skill_192,SkillCluster_20
S193,Skill_193,SkillCluster_20
S194,Skill_194,SkillCluster_20
S195,Skill_195,SkillCluster_20
S196,Skill_196,SkillCluster_20
S197,Skill_197,SkillCluster_20
S198,Skill_198,SkillCluster_20
S199,Skill_199,SkillCluster_20
S200,Skill_200,SkillCluster_20
S201,Skill_201,SkillCluster_21
S202,Skill_202,SkillCluster_21
S203,Skill_203,SkillCluster_21
S204,Skill_204,SkillCluster_21
S205,Skill_205,SkillCluster_21
S206,Skill_206,SkillCluster_21
S207,Skill_207,SkillCluster_21
S208,Skill_208,SkillCluster_21
S209,Skill_209,SkillCluster_21
S210,Skill_210,SkillCluster_21
S211,Skill_211,SkillCluster_22
S212,Skill_212,SkillCluster_22
S213,Skill_213,SkillCluster_22
S214,Skill_214,SkillCluster_22
S215,Skill_215,SkillCluster_22
S216,Skill_216,SkillCluster_22
S217,Skill_217,SkillCluster_22
S218,Skill_218,SkillCluster_22
S219,Skill_219,SkillCluster_22
S220,Skill_220,SkillCluster_22
S221,Skill_221,SkillCluster_23
S222,Skill_222,SkillCluster_23
S223,Skill_223,SkillCluster_23
S224,Skill_224,SkillCluster_23
S225,Skill_225,SkillCluster_23
S226,Skill_226,SkillCluster_23
S227,Skill_227,SkillCluster_23
S228,Skill_228,SkillCluster_23
S229,Skill_229,SkillCluster_23
S230,Skill_230,SkillCluster_23
S231,Skill_231,SkillCluster_24
S232,Skill_232,SkillCluster_24
S233,Skill_233,SkillCluster_24
S234,Skill_234,SkillCluster_24
S235,Skill_235,SkillCluster_24
S236,Skill_236,SkillCluster_24
S237,Skill_237,SkillCluster_24
S238,Skill_238,SkillCluster_24
S239,Skill_239,SkillCluster_24
S240,Skill_240,SkillCluster_24
